{
    "loss": 10.627245903015137,
    "accuracy": 0.5686274766921997
}