{
    "loss": 6.253697872161865,
    "accuracy": 0.5686274766921997
}